{
  "model": "bartowski/mistralai_Mistral-Small-3.1-24B-Instruct-2503-GGUF:Q4_K_M",
  "benchmarks": {
    "veritasqa": {
      "accuracy": 1.0,
      "n": 353
    },
    "sts_ca": {
      "pearson": 0.7553,
      "n": 400
    },
    "casum": {
      "rouge1": 0.4913,
      "rouge2": 0.2958,
      "rougeL": 0.4332,
      "n": 400
    },
    "catcola": {
      "mcc": 0.1835,
      "accuracy": 0.385,
      "n": 400
    },
    "club_qa": {
      "exact_match_approx": 0.815,
      "n": 400
    },
    "iberbench": {
      "catcola": {
        "alias": "catcola",
        "acc,none": 0.25,
        "acc_stderr,none": 0.021677749238103,
        "mcc,none": 0.0,
        "mcc_stderr,none": 0.0
      },
      "wnli_ca": {
        "alias": "wnli_ca",
        "acc,none": 0.5633802816901409,
        "acc_stderr,none": 0.0592793555841297
      },
      "teca": {
        "alias": "teca",
        "acc,none": 0.3725,
        "acc_stderr,none": 0.0242038000082031
      }
    },
    "flores": {
      "catalan_bench_flores_en-ca": {
        "alias": "catalan_bench_flores_en-ca",
        "bleu,none": 41.912290373632175,
        "bleu_stderr,none": 0.808954090079755,
        "ter,none": 44.71823663963402,
        "ter_stderr,none": 0.7743876009676968,
        "chrf,none": 65.86027340884488,
        "chrf_stderr,none": 0.6179737065546018
      },
      "catalan_bench_flores_ca-en": {
        "alias": "catalan_bench_flores_ca-en",
        "bleu,none": 46.54103431875292,
        "bleu_stderr,none": 1.0165364203432612,
        "ter,none": 40.0848856401792,
        "ter_stderr,none": 0.9500624121349666,
        "chrf,none": 71.23693227787633,
        "chrf_stderr,none": 0.6093998185862313
      }
    }
  }
}