{
  "model": "bartowski/Qwen_Qwen3-14B-GGUF:Q8_0",
  "benchmarks": {
    "veritasqa": {
      "accuracy": 1.0,
      "n": 353
    },
    "sts_ca": {
      "pearson": 0.7497,
      "n": 400
    },
    "casum": {
      "rouge1": 0.3223,
      "rouge2": 0.164,
      "rougeL": 0.2602,
      "n": 400
    },
    "catcola": {
      "mcc": 0.3814,
      "accuracy": 0.76,
      "n": 400
    },
    "club_qa": {
      "exact_match_approx": 0.8075,
      "n": 400
    },
    "iberbench": {
      "catcola": {
        "alias": "catcola",
        "acc,none": 0.25,
        "acc_stderr,none": 0.021677749238103,
        "mcc,none": 0.0,
        "mcc_stderr,none": 0.0
      },
      "wnli_ca": {
        "alias": "wnli_ca",
        "acc,none": 0.5633802816901409,
        "acc_stderr,none": 0.0592793555841297
      },
      "teca": {
        "alias": "teca",
        "acc,none": 0.3725,
        "acc_stderr,none": 0.0242038000082031
      }
    },
    "flores": {
      "catalan_bench_flores_en-ca": {
        "alias": "catalan_bench_flores_en-ca",
        "bleu,none": 34.70967194466065,
        "bleu_stderr,none": 0.909149516406189,
        "ter,none": 53.327095030151796,
        "ter_stderr,none": 1.7455171520501316,
        "chrf,none": 61.509785293693255,
        "chrf_stderr,none": 0.5855687446900294
      },
      "catalan_bench_flores_ca-en": {
        "alias": "catalan_bench_flores_ca-en",
        "bleu,none": 44.62108868894157,
        "bleu_stderr,none": 0.9682018967097287,
        "ter,none": 41.98302287196416,
        "ter_stderr,none": 0.8639269678898711,
        "chrf,none": 69.84686111898407,
        "chrf_stderr,none": 0.5940343143488473
      }
    }
  }
}