{
  "model": "bartowski/google_gemma-4-26B-A4B-it-GGUF:Q4_K_M",
  "benchmarks": {
    "veritasqa": {
      "accuracy": 1.0,
      "n": 353
    },
    "sts_ca": {
      "pearson": 0.1749,
      "n": 400
    },
    "casum": {
      "rouge1": 0.2239,
      "rouge2": 0.0867,
      "rougeL": 0.1934,
      "n": 400
    },
    "catcola": {
      "mcc": 0.0932,
      "accuracy": 0.315,
      "n": 400
    },
    "club_qa": {
      "exact_match_approx": 0.495,
      "n": 400
    },
    "iberbench": {
      "catcola": {
        "alias": "catcola",
        "acc,none": 0.25,
        "acc_stderr,none": 0.021677749238103,
        "mcc,none": 0.0,
        "mcc_stderr,none": 0.0
      },
      "wnli_ca": {
        "alias": "wnli_ca",
        "acc,none": 0.5633802816901409,
        "acc_stderr,none": 0.0592793555841297
      },
      "teca": {
        "alias": "teca",
        "acc,none": 0.3725,
        "acc_stderr,none": 0.0242038000082031
      }
    },
    "flores": {
      "catalan_bench_flores_en-ca": {
        "alias": "catalan_bench_flores_en-ca",
        "bleu,none": 39.819702513917484,
        "bleu_stderr,none": 0.9524290912615571,
        "ter,none": 46.69369931378665,
        "ter_stderr,none": 0.9238381920716411,
        "chrf,none": 65.90321075087782,
        "chrf_stderr,none": 0.665974625206371
      },
      "catalan_bench_flores_ca-en": {
        "alias": "catalan_bench_flores_ca-en",
        "bleu,none": 43.99744752291884,
        "bleu_stderr,none": 0.9294613222564683,
        "ter,none": 42.19523697241216,
        "ter_stderr,none": 0.9242425635073455,
        "chrf,none": 70.34838578163472,
        "chrf_stderr,none": 0.5879070026146126
      }
    }
  }
}