{
  "model": "bartowski/Qwen_Qwen3.5-9B-GGUF:Q8_0",
  "benchmarks": {
    "veritasqa": {
      "accuracy": 1.0,
      "n": 353
    },
    "sts_ca": {
      "pearson": 0.5105,
      "n": 400
    },
    "casum": {
      "rouge1": 0.3541,
      "rouge2": 0.1865,
      "rougeL": 0.2885,
      "n": 400
    },
    "catcola": {
      "mcc": 0.0,
      "accuracy": 0.25,
      "n": 400
    },
    "club_qa": {
      "exact_match_approx": 0.8425,
      "n": 400
    },
    "iberbench": {
      "catcola": {
        "alias": "catcola",
        "acc,none": 0.25,
        "acc_stderr,none": 0.021677749238103,
        "mcc,none": 0.0,
        "mcc_stderr,none": 0.0
      },
      "wnli_ca": {
        "alias": "wnli_ca",
        "acc,none": 0.5633802816901409,
        "acc_stderr,none": 0.0592793555841297
      },
      "teca": {
        "alias": "teca",
        "acc,none": 0.3725,
        "acc_stderr,none": 0.0242038000082031
      }
    },
    "flores": {
      "catalan_bench_flores_en-ca": {
        "alias": "catalan_bench_flores_en-ca",
        "bleu,none": 39.78506718137669,
        "bleu_stderr,none": 0.8874118181542008,
        "ter,none": 47.11998336452485,
        "ter_stderr,none": 0.8327863924057934,
        "chrf,none": 63.95429700295341,
        "chrf_stderr,none": 0.640931018772916
      },
      "catalan_bench_flores_ca-en": {
        "alias": "catalan_bench_flores_ca-en",
        "bleu,none": 45.59798436091775,
        "bleu_stderr,none": 1.0056270474630402,
        "ter,none": 40.94553171421835,
        "ter_stderr,none": 0.9281357331629512,
        "chrf,none": 70.10153144092214,
        "chrf_stderr,none": 0.6037119605299537
      }
    }
  }
}