{
  "model": "bartowski/google_gemma-4-E4B-it-GGUF:Q8_0",
  "benchmarks": {
    "veritasqa": {
      "accuracy": 1.0,
      "n": 353
    },
    "sts_ca": {
      "pearson": 0.704,
      "n": 400
    },
    "casum": {
      "rouge1": 0.3106,
      "rouge2": 0.1339,
      "rougeL": 0.2379,
      "n": 400
    },
    "catcola": {
      "mcc": 0.1247,
      "accuracy": 0.4725,
      "n": 400
    },
    "club_qa": {
      "exact_match_approx": 0.83,
      "n": 400
    },
    "iberbench": {
      "catcola": {
        "alias": "catcola",
        "acc,none": 0.25,
        "acc_stderr,none": 0.021677749238103,
        "mcc,none": 0.0,
        "mcc_stderr,none": 0.0
      },
      "wnli_ca": {
        "alias": "wnli_ca",
        "acc,none": 0.5633802816901409,
        "acc_stderr,none": 0.0592793555841297
      },
      "teca": {
        "alias": "teca",
        "acc,none": 0.3725,
        "acc_stderr,none": 0.0242038000082031
      }
    },
    "flores": {
      "catalan_bench_flores_en-ca": {
        "alias": "catalan_bench_flores_en-ca",
        "bleu,none": 36.97306724601966,
        "bleu_stderr,none": 0.9203056867785991,
        "ter,none": 48.648367644000835,
        "ter_stderr,none": 0.851233286397856,
        "chrf,none": 62.450183278590664,
        "chrf_stderr,none": 0.6778822797529533
      },
      "catalan_bench_flores_ca-en": {
        "alias": "catalan_bench_flores_ca-en",
        "bleu,none": 42.501952669738515,
        "bleu_stderr,none": 0.8938599357880984,
        "ter,none": 43.59820796981844,
        "ter_stderr,none": 0.8878275023246694,
        "chrf,none": 68.73103512436796,
        "chrf_stderr,none": 0.5835904744689577
      }
    }
  }
}