{
  "model": "bartowski/openai_gpt-oss-20b-GGUF:Q4_K_M",
  "benchmarks": {
    "veritasqa": {
      "accuracy": 1.0,
      "n": 353
    },
    "sts_ca": {
      "pearson": 0.1573,
      "n": 400
    },
    "casum": {
      "rouge1": 0.2123,
      "rouge2": 0.0869,
      "rougeL": 0.174,
      "n": 400
    },
    "catcola": {
      "mcc": 0.058,
      "accuracy": 0.26,
      "n": 400
    },
    "club_qa": {
      "exact_match_approx": 0.5125,
      "n": 400
    },
    "iberbench": {
      "catcola": {
        "alias": "catcola",
        "acc,none": 0.25,
        "acc_stderr,none": 0.021677749238103,
        "mcc,none": 0.0,
        "mcc_stderr,none": 0.0
      },
      "wnli_ca": {
        "alias": "wnli_ca",
        "acc,none": 0.5633802816901409,
        "acc_stderr,none": 0.0592793555841297
      },
      "teca": {
        "alias": "teca",
        "acc,none": 0.3725,
        "acc_stderr,none": 0.0242038000082031
      }
    },
    "flores": {
      "catalan_bench_flores_en-ca": {
        "alias": "catalan_bench_flores_en-ca",
        "bleu,none": 0.015534127657042925,
        "bleu_stderr,none": 0.003947445883245913,
        "ter,none": 102.70326471199833,
        "ter_stderr,none": 1.517716324539869,
        "chrf,none": 1.2731112917482859,
        "chrf_stderr,none": 0.15364801128731656
      },
      "catalan_bench_flores_ca-en": {
        "alias": "catalan_bench_flores_ca-en",
        "bleu,none": 0.5041395291299408,
        "bleu_stderr,none": 0.20081750929604555,
        "ter,none": 123.17849563782126,
        "ter_stderr,none": 5.044540934822766,
        "chrf,none": 4.417518039136352,
        "chrf_stderr,none": 0.4586117303711731
      }
    }
  }
}