{
  "model": "bartowski/mistralai_Mistral-Small-3.1-24B-Instruct-2503-GGUF:Q4_K_M",
  "benchmarks": {
    "catcola": {
      "mcc": 0.1998,
      "accuracy": 0.4,
      "n": 400
    },
    "club_qa": {
      "exact_match_approx": 0.8075,
      "n": 400
    },
    "iberbench": {
      "catcola": {
        "alias": "catcola",
        "acc,none": 0.25,
        "acc_stderr,none": 0.021677749238103,
        "mcc,none": 0.0,
        "mcc_stderr,none": 0.0
      },
      "xnli_ca": {
        "alias": "xnli_ca",
        "acc,none": 0.3325,
        "acc_stderr,none": 0.023584952830141538
      },
      "wnli_ca": {
        "alias": "wnli_ca",
        "acc,none": 0.5633802816901409,
        "acc_stderr,none": 0.0592793555841297
      },
      "teca": {
        "alias": "teca",
        "acc,none": 0.3725,
        "acc_stderr,none": 0.0242038000082031
      }
    },
    "flores": {
      "catalan_bench_flores_en-ca": {
        "alias": "catalan_bench_flores_en-ca",
        "bleu,none": 41.856094685967484,
        "bleu_stderr,none": 0.7909462514034928,
        "ter,none": 44.863797047203164,
        "ter_stderr,none": 0.7760734623024312,
        "chrf,none": 65.90543042458886,
        "chrf_stderr,none": 0.6053096969932247
      },
      "catalan_bench_flores_ca-en": {
        "alias": "catalan_bench_flores_ca-en",
        "bleu,none": 46.75810098697477,
        "bleu_stderr,none": 1.0144745308935856,
        "ter,none": 40.00235793444942,
        "ter_stderr,none": 0.947371632624243,
        "chrf,none": 71.26651303446441,
        "chrf_stderr,none": 0.6048160949903597
      }
    }
  }
}