{
  "model": "bartowski/google_gemma-4-E4B-it-GGUF:Q8_0",
  "benchmarks": {
    "veritasqa": {
      "accuracy": 1.0,
      "n": 353
    },
    "sts_ca": {
      "pearson": 0.0146,
      "n": 400
    },
    "casum": {
      "rouge1": 0.2416,
      "rouge2": 0.1066,
      "rougeL": 0.2044,
      "n": 400
    },
    "catcola": {
      "mcc": 0.0847,
      "accuracy": 0.3175,
      "n": 400
    },
    "club_qa": {
      "exact_match_approx": 0.4225,
      "n": 400
    },
    "iberbench": {
      "catcola": {
        "alias": "catcola",
        "acc,none": 0.25,
        "acc_stderr,none": 0.021677749238103,
        "mcc,none": 0.0,
        "mcc_stderr,none": 0.0
      },
      "wnli_ca": {
        "alias": "wnli_ca",
        "acc,none": 0.5633802816901409,
        "acc_stderr,none": 0.0592793555841297
      },
      "teca": {
        "alias": "teca",
        "acc,none": 0.3725,
        "acc_stderr,none": 0.0242038000082031
      }
    },
    "flores": {
      "catalan_bench_flores_en-ca": {
        "alias": "catalan_bench_flores_en-ca",
        "bleu,none": 37.00194877599013,
        "bleu_stderr,none": 0.902506372649352,
        "ter,none": 48.59638178415471,
        "ter_stderr,none": 0.8299074633736042,
        "chrf,none": 62.43261077871073,
        "chrf_stderr,none": 0.6660684553688342
      },
      "catalan_bench_flores_ca-en": {
        "alias": "catalan_bench_flores_ca-en",
        "bleu,none": 42.44535556149423,
        "bleu_stderr,none": 0.9121875640366089,
        "ter,none": 43.645366658806886,
        "ter_stderr,none": 0.8883463004648358,
        "chrf,none": 68.67052084369459,
        "chrf_stderr,none": 0.5993284530676337
      }
    }
  }
}